barometerValue,gzValue,mzValue,gpsTimeInMillis,systemTimeInMillis,myValue,zValue,tc,mxValue,latitudeValue,gxValue,lightValue,longitudeValue,xValue,altitudeValue,gyValue,yValue,globalFrame,temperatureValue
1004.841,-0.0014648438,-55.52826,1682811864000,1682811861752,26.145935,9.511475,00:58:55:00,23.553467,34.030098,0.00015258789,33.0,-118.75661,0.2536316,24.0,0.02104187,0.114852905,1091,0.0
1004.841,-0.00024414062,-51.9516,1682811864000,1682811861803,26.176453,9.628723,00:58:55:01,25.622559,34.030098,0.001373291,33.0,-118.75661,0.27038574,24.0,0.0002746582,0.090927124,1092,0.0
1004.8376,-0.0014648438,-51.956177,1682811864000,1682811861869,26.803589,9.571289,00:58:55:02,24.258423,34.030098,-0.0010681152,33.0,-118.75661,0.26560974,24.0,0.0039520264,0.100494385,1093,0.0
1004.8376,-0.00024414062,-53.37982,1682811864000,1682811861895,25.462341,9.559326,00:58:55:03,22.84851,34.030098,0.00015258789,35.0,-118.75661,0.2679901,24.0,-0.0046081543,0.100494385,1094,0.0
1004.8376,-0.00024414062,-53.382874,1682811864000,1682811861921,26.150513,9.573685,00:58:55:04,24.241638,34.030098,-0.0035095215,35.0,-118.75661,0.25842285,24.0,-0.00093078613,0.107681274,1095,0.0
1004.8376,-0.0014648438,-52.67639,1682811864000,1682811861980,27.449036,9.542572,00:58:55:05,23.583984,34.030098,0.002609253,35.0,-118.75661,0.26081848,24.0,0.0002746582,0.093322754,1096,0.0
1004.8397,0.0009765625,-54.100037,1682811864000,1682811862048,26.828003,9.564117,00:58:55:06,24.946594,34.030098,0.001373291,35.0,-118.75661,0.25842285,24.0,-0.0046081543,0.102890015,1097,0.0
1004.8397,-0.0026855469,-54.804993,1682811864000,1682811862082,24.841309,9.573685,00:58:55:07,24.21112,34.030098,0.00015258789,33.0,-118.75661,0.27038574,24.0,-0.002166748,0.093322754,1098,0.0
1004.8397,-0.0014648438,-53.37982,1682811864000,1682811862134,25.4776,9.571289,00:58:55:08,23.538208,34.030098,0.00015258789,33.0,-118.75661,0.25842285,24.0,-0.0033874512,0.105285645,1099,0.0
1004.8397,-0.00024414062,-53.37982,1682811864000,1682811862168,25.462341,9.547363,00:58:55:09,22.84851,34.030098,0.001373291,33.0,-118.75661,0.25842285,24.0,-0.002166748,0.088531494,1100,0.0
1004.8402,-0.0014648438,-54.812622,1682811865000,1682811862221,26.142883,9.542572,00:58:55:10,23.553467,34.030098,0.002609253,33.0,-118.75661,0.26560974,24.0,-0.002166748,0.098098755,1101,0.0
1004.8402,-0.0026855469,-54.092407,1682811865000,1682811862254,25.543213,9.561722,00:58:55:11,26.29242,34.030098,0.001373291,33.0,-118.75661,0.2679901,24.0,-0.00093078613,0.098098755,1102,0.0
1004.8402,0.0009765625,-51.235962,1682811865000,1682811862297,25.483704,9.552155,00:58:55:12,24.227905,34.030098,0.001373291,33.0,-118.75661,0.27757263,24.0,-0.002166748,0.095718384,1103,0.0
1004.8402,-0.00024414062,-51.235962,1682811865000,1682811862343,25.453186,9.554535,00:58:55:13,22.850037,34.030098,0.00015258789,33.0,-118.75661,0.2679901,24.0,-0.002166748,0.088531494,1104,0.0
1004.8402,0.0021972656,-52.667236,1682811865000,1682811862382,26.179504,9.559326,00:58:55:14,25.621033,34.030098,0.001373291,33.0,-118.75661,0.25125122,24.0,-0.00093078613,0.090927124,1105,0.0
1004.8436,-0.0026855469,-52.668762,1682811865000,1682811862416,26.132202,9.566513,00:58:55:15,23.553467,34.030098,-0.0010681152,33.0,-118.75661,0.2679901,24.0,-0.00093078613,0.093322754,1106,0.0
1004.8436,-0.0014648438,-51.234436,1682811865000,1682811862452,25.515747,9.571289,00:58:55:16,25.6073,34.030098,-0.0010681152,33.0,-118.75661,0.25125122,24.0,-0.00093078613,0.095718384,1107,0.0
1004.8436,-0.003921509,-51.9516,1682811865000,1682811862494,26.176453,9.540192,00:58:55:17,25.622559,34.030098,0.00015258789,35.0,-118.75661,0.27038574,24.0,-0.00093078613,0.098098755,1108,0.0
1004.8436,-0.0014648438,-52.661133,1682811865000,1682811862539,24.815369,9.552155,00:58:55:18,23.52295,34.030098,0.002609253,35.0,-118.75661,0.2632141,24.0,-0.00093078613,0.098098755,1109,0.0
1004.8436,-0.00024414062,-50.520325,1682811865000,1682811862573,25.494385,9.542572,00:58:55:19,24.917603,34.030098,0.001373291,35.0,-118.75661,0.26560974,24.0,0.0002746582,0.093322754,1110,0.0
1004.83514,-0.0026855469,-51.235962,1682811865000,1682811862608,25.483704,9.547363,00:58:55:20,24.227905,34.030098,0.00015258789,35.0,-118.75661,0.2679901,24.0,0.0039520264,0.088531494,1111,0.0
1004.83514,-0.00024414062,-54.811096,1682811865000,1682811862660,26.190186,9.544968,00:58:55:21,25.621033,34.030098,0.001373291,35.0,-118.75661,0.24406433,24.0,0.0027160645,0.095718384,1112,0.0
1004.83514,-0.003921509,-52.671814,1682811865000,1682811862695,26.8219,9.552155,00:58:55:22,24.946594,34.030098,-0.0059509277,35.0,-118.75661,0.2632141,24.0,0.0015106201,0.098098755,1113,0.0
1004.83514,-0.0014648438,-54.80957,1682811865000,1682811862736,25.515747,9.573685,00:58:55:23,24.916077,34.030098,0.002609253,35.0,-118.75661,0.2536316,24.0,0.0015106201,0.098098755,1114,0.0
1004.83514,-0.00024414062,-52.661133,1682811865000,1682811862789,24.830627,9.549759,00:58:56:00,24.21112,34.030098,0.002609253,35.0,-118.75661,0.24885559,24.0,0.0002746582,0.098098755,1115,0.0
1004.8276,-0.003921509,-51.950073,1682811865000,1682811862820,25.486755,9.549759,00:58:56:01,24.227905,34.030098,-0.0010681152,35.0,-118.75661,0.27038574,24.0,-0.00093078613,0.093322754,1116,0.0
1004.8276,0.0009765625,-52.668762,1682811865000,1682811862855,26.14746,9.549759,00:58:56:02,24.241638,34.030098,0.00015258789,35.0,-118.75661,0.2679901,24.0,-0.002166748,0.098098755,1117,0.0
1004.8276,0.0009765625,-50.520325,1682811865000,1682811862888,25.479126,9.566513,00:58:56:03,24.227905,34.030098,0.002609253,35.0,-118.75661,0.25842285,24.0,-0.0033874512,0.102890015,1118,0.0
1004.8276,-0.0014648438,-51.939392,1682811865000,1682811862941,23.510742,9.542572,00:58:56:04,24.180603,34.030098,0.002609253,35.0,-118.75661,0.26560974,24.0,0.0002746582,0.088531494,1119,0.0
1004.8276,-0.0014648438,-52.66266,1682811865000,1682811862976,25.582886,9.5354,00:58:56:05,28.359985,34.030098,-0.0022888184,35.0,-118.75661,0.27038574,24.0,0.0015106201,0.090927124,1120,0.0
1004.83435,0.0009765625,-51.22986,1682811865000,1682811863053,24.871826,9.552155,00:58:56:06,26.278687,34.030098,-0.0010681152,35.0,-118.75661,0.25842285,24.0,0.0002746582,0.098098755,1121,0.0
1004.83435,-0.0014648438,-51.231384,1682811865000,1682811863137,24.809265,9.554535,00:58:56:07,23.524475,34.030098,-0.0010681152,35.0,-118.75661,0.25125122,24.0,0.0002746582,0.095718384,1122,0.0
1004.83435,-0.0026855469,-51.942444,1682811866000,1682811863221,24.168396,9.540192,00:24:26:08,24.195862,34.030098,0.001373291,35.0,-118.75661,0.25842285,24.0,0.0027160645,0.090927124,1123,0.0
1004.83435,0.0021972656,-52.668762,1682811866000,1682811863256,26.116943,9.537796,00:18:56:10,22.86377,34.030098,0.00015258789,35.0,-118.75661,0.27038574,24.0,0.0015106201,0.090927124,1124,0.0
1004.83435,-0.0014648438,-53.382874,1682811866000,1682811863292,26.135254,9.554535,00:58:56:12,23.553467,34.030098,0.001373291,35.0,-118.75661,0.25125122,24.0,0.0039520264,0.086135864,1125,0.0
1004.83435,0.0009765625,-51.950073,1682811866000,1682811863332,25.456238,9.521042,00:58:56:13,22.850037,34.030098,-0.0010681152,35.0,-118.75661,0.27278137,24.0,-0.00093078613,0.098098755,1126,0.0
1004.83435,0.0009765625,-53.378296,1682811866000,1682811863365,25.540161,9.547363,00:58:56:14,26.29242,34.030098,0.00015258789,35.0,-118.75661,0.26560974,24.0,0.0002746582,0.093322754,1127,0.0
1004.83606,-0.0026855469,-51.953125,1682811866000,1682811863425,26.12915,9.542572,00:58:56:15,23.554993,34.030098,0.001373291,35.0,-118.75661,0.24885559,24.0,0.0002746582,0.100494385,1128,0.0
1004.83606,-0.0026855469,-51.231384,1682811866000,1682811863460,24.839783,9.561722,00:58:56:16,24.902344,34.030098,0.00015258789,35.0,-118.75661,0.2632141,24.0,-0.00093078613,0.086135864,1129,0.0
1004.83606,-0.0014648438,-51.223755,1682811866000,1682811863504,23.554993,9.556931,00:58:56:17,26.246643,34.030098,-0.0022888184,35.0,-118.75661,0.25602722,24.0,-0.00093078613,0.098098755,1130,0.0
1004.83606,-0.00024414062,-50.509644,1682811866000,1682811863542,24.253845,9.554535,00:58:56:18,28.329468,34.030098,0.001373291,35.0,-118.75661,0.2536316,24.0,-0.00093078613,0.090927124,1131,0.0
1004.83606,-0.00024414062,-52.661133,1682811866000,1682811863581,24.845886,9.561722,00:58:56:19,24.900818,34.030098,0.00015258789,35.0,-118.75661,0.26081848,24.0,-0.0033874512,0.093322754,1132,0.0
1004.83606,-0.00024414062,-52.66571,1682811866000,1682811863617,25.474548,9.554535,00:58:56:20,23.538208,34.030098,-0.0022888184,35.0,-118.75661,0.2632141,24.0,-0.0033874512,0.090927124,1133,0.0
1004.83606,-0.0014648438,-54.096985,1682811866000,1682811863653,26.138306,9.580856,00:58:56:21,23.553467,34.030098,-0.0010681152,35.0,-118.75661,0.26081848,24.0,0.0002746582,0.102890015,1134,0.0
1004.83606,-0.0014648438,-52.661133,1682811866000,1682811863698,24.845886,9.530609,00:58:56:22,24.900818,34.030098,0.002609253,35.0,-118.75661,0.2679901,24.0,-0.0046081543,0.095718384,1135,0.0
1004.83606,-0.003921509,-50.52643,1682811866000,1682811863741,26.79596,9.559326,00:58:56:23,24.258423,34.030098,0.00015258789,35.0,-118.75661,0.26081848,24.0,-0.002166748,0.095718384,1136,0.0
1004.83606,-0.00024414062,-52.664185,1682811866000,1682811863776,25.52185,9.533005,00:58:57:00,25.605774,34.030098,-0.0022888184,35.0,-118.75661,0.279953,24.0,0.0015106201,0.088531494,1137,0.0
1004.8395,-0.0014648438,-51.945496,1682811866000,1682811863823,24.797058,9.561722,00:58:57:01,22.834778,34.030098,0.00015258789,35.0,-118.75661,0.26081848,24.0,-0.00093078613,0.088531494,1138,0.0
1004.8395,-0.0014648438,-52.668762,1682811866000,1682811863848,26.14746,9.547363,00:58:57:02,24.241638,34.030098,0.00015258789,35.0,-118.75661,0.27278137,24.0,-0.00093078613,0.093322754,1139,0.0
1004.8395,0.0021972656,-53.3844,1682811866000,1682811863893,26.841736,9.544968,00:58:57:03,25.636292,34.030098,-0.0010681152,35.0,-118.75661,0.2679901,24.0,-0.002166748,0.093322754,1140,0.0
1004.8395,-0.0026855469,-52.67639,1682811866000,1682811863939,27.464294,9.547363,00:58:57:04,24.272156,34.030098,-0.0035095215,35.0,-118.75661,0.275177,24.0,0.0015106201,0.114852905,1141,0.0
1004.8395,-0.005126953,-55.519104,1682811866000,1682811863983,24.891663,9.561722,00:58:57:05,26.27716,34.030098,0.00015258789,35.0,-118.75661,0.26081848,24.0,0.0015106201,0.088531494,1142,0.0
1004.84625,-0.00024414062,-51.950073,1682811866000,1682811864061,25.486755,9.552155,00:58:57:06,24.227905,34.030098,0.00015258789,35.0,-118.75661,0.25842285,24.0,-0.00093078613,0.093322754,1143,0.0
1004.84625,-0.0014648438,-54.80957,1682811866000,1682811864095,25.515747,9.568893,00:58:57:07,24.916077,34.030098,0.001373291,35.0,-118.75661,0.25125122,24.0,0.0015106201,0.098098755,1144,0.0
1004.84625,0.0009765625,-50.523376,1682811866000,1682811864144,26.13678,9.556931,00:58:57:08,24.243164,34.030098,-0.0022888184,35.0,-118.75661,0.26081848,24.0,-0.002166748,0.098098755,1145,0.0
1004.84625,-0.00024414062,-54.093933,1682811866000,1682811864168,25.49591,9.564117,00:58:57:09,24.22638,34.030098,-0.0010681152,35.0,-118.75661,0.25602722,24.0,-0.002166748,0.095718384,1146,0.0
1004.84283,-0.0014648438,-51.234436,1682811867000,1682811864216,25.515747,9.559326,00:58:57:10,25.6073,34.030098,0.00015258789,35.0,-118.75661,0.2632141,24.0,0.0002746582,0.093322754,1147,0.0
1004.84283,-0.005126953,-52.66266,1682811867000,1682811864260,24.769592,9.544968,00:58:57:11,21.455383,34.030098,-0.0010681152,35.0,-118.75661,0.2632141,24.0,-0.00093078613,0.086135864,1148,0.0
1004.84283,-0.00024414062,-51.239014,1682811867000,1682811864295,26.141357,9.549759,00:58:57:12,24.243164,34.030098,-0.0035095215,35.0,-118.75661,0.25602722,24.0,-0.00093078613,0.098098755,1149,0.0
1004.84283,0.0021972656,-53.385925,1682811867000,1682811864331,26.794434,9.552155,00:58:57:13,23.568726,34.030098,0.001373291,35.0,-118.75661,0.25602722,24.0,-0.002166748,0.088531494,1150,0.0
1004.84283,0.0021972656,-52.668762,1682811867000,1682811864385,26.14746,9.568893,00:58:57:14,24.241638,34.030098,-0.0010681152,35.0,-118.75661,0.2632141,24.0,0.0015106201,0.088531494,1151,0.0
1004.84534,-0.00024414062,-51.94397,1682811867000,1682811864412,24.85962,9.559326,00:58:57:15,25.592041,34.030098,0.002609253,35.0,-118.75661,0.2536316,24.0,-0.002166748,0.093322754,1152,0.0
1004.84534,-0.0014648438,-51.945496,1682811867000,1682811864455,24.827576,9.552155,00:58:57:16,24.212646,34.030098,0.001373291,35.0,-118.75661,0.275177,24.0,0.0015106201,0.098098755,1153,0.0
1004.84534,-0.0014648438,-50.520325,1682811867000,1682811864501,25.463867,9.542572,00:58:57:17,23.539734,34.030098,-0.0035095215,35.0,-118.75661,0.2679901,24.0,0.0002746582,0.093322754,1154,0.0
1004.84534,-0.0026855469,-52.66571,1682811867000,1682811864529,25.45929,9.549759,00:58:57:18,22.84851,34.030098,0.001373291,35.0,-118.75661,0.25602722,24.0,-0.002166748,0.095718384,1155,0.0
1004.84534,-0.00024414062,-51.95465,1682811867000,1682811864580,26.835632,9.566513,00:58:57:19,25.637817,34.030098,-0.0022888184,35.0,-118.75661,0.25842285,24.0,-0.00093078613,0.098098755,1156,0.0
1004.8419,0.0009765625,-52.66571,1682811867000,1682811864615,25.505066,9.542572,00:58:57:20,24.916077,34.030098,0.00015258789,35.0,-118.75661,0.275177,24.0,0.0015106201,0.098098755,1157,0.0
1004.8419,0.0009765625,-51.956177,1682811867000,1682811864657,26.818848,9.566513,00:58:57:21,24.94812,34.030098,-0.0022888184,35.0,-118.75661,0.27278137,24.0,-0.002166748,0.098098755,1158,0.0
1004.8419,0.0009765625,-51.953125,1682811867000,1682811864701,26.159668,9.556931,00:58:57:22,24.932861,34.030098,0.002609253,38.0,-118.75661,0.2679901,24.0,-0.00093078613,0.093322754,1159,0.0
1004.8419,0.0021972656,-52.66571,1682811867000,1682811864746,25.489807,9.540192,00:58:57:23,24.22638,34.030098,-0.0010681152,38.0,-118.75661,0.26081848,24.0,-0.00093078613,0.093322754,1160,0.0
1004.8419,-0.0014648438,-51.231384,1682811867000,1682811864783,24.824524,9.549759,00:58:58:00,24.212646,34.030098,-0.0010681152,38.0,-118.75661,0.25842285,24.0,-0.00093078613,0.093322754,1161,0.0
1004.8395,-0.00024414062,-51.9516,1682811867000,1682811864811,26.176453,9.549759,00:58:58:01,25.622559,34.030098,-0.0010681152,38.0,-118.75661,0.26081848,24.0,-0.002166748,0.095718384,1162,0.0
1004.8395,-0.0014648438,-51.239014,1682811867000,1682811864865,26.156616,9.556931,00:58:58:02,24.932861,34.030098,0.002609253,38.0,-118.75661,0.25602722,24.0,-0.002166748,0.093322754,1163,0.0
1004.8395,-0.0026855469,-54.80957,1682811867000,1682811864891,25.46997,9.547363,00:58:58:03,22.84851,34.030098,0.00015258789,35.0,-118.75661,0.26081848,24.0,0.0002746582,0.100494385,1164,0.0
1004.8395,-0.0014648438,-51.942444,1682811867000,1682811864948,24.183655,9.549759,00:58:58:04,24.88556,34.030098,0.00015258789,35.0,-118.75661,0.26560974,24.0,-0.00093078613,0.088531494,1165,0.0
1004.8395,0.0009765625,-54.82025,1682811867000,1682811864967,27.490234,9.561722,00:58:58:05,24.961853,34.030098,-0.0022888184,35.0,-118.75661,0.24645996,24.0,-0.002166748,0.098098755,1166,0.0
1004.8395,0.0021972656,-52.671814,1682811867000,1682811865063,26.8219,9.542572,00:58:58:06,24.946594,34.030098,-0.0022888184,35.0,-118.75661,0.2679901,24.0,0.0002746582,0.095718384,1167,0.0
1004.8395,-0.0014648438,-51.235962,1682811867000,1682811865097,25.468445,9.537796,00:58:58:07,23.539734,34.030098,0.001373291,38.0,-118.75661,0.2632141,24.0,-0.00093078613,0.090927124,1168,0.0
1004.8395,0.0009765625,-51.960754,1682811867000,1682811865142,27.476501,9.552155,00:58:58:08,24.963379,34.030098,-0.0010681152,38.0,-118.75661,0.279953,24.0,-0.00093078613,0.090927124,1169,0.0
1004.8395,0.0021972656,-50.52185,1682811867000,1682811865184,26.19934,9.549759,00:58:58:09,26.998901,34.030098,-0.0022888184,38.0,-118.75661,0.2679901,24.0,0.0027160645,0.090927124,1170,0.0
1004.8387,-0.0014648438,-51.950073,1682811868000,1682811865219,25.502014,9.5234375,00:58:58:10,24.917603,34.030098,-0.0010681152,38.0,-118.75661,0.26560974,24.0,0.0002746582,0.088531494,1171,0.0
1004.8387,0.0009765625,-51.950073,1682811868000,1682811865262,25.456238,9.554535,00:58:58:11,22.850037,34.030098,0.00015258789,38.0,-118.75661,0.27278137,24.0,0.0015106201,0.14117432,1172,0.0
1004.8387,-0.00024414062,-52.668762,1682811868000,1682811865299,26.14746,9.559326,00:58:58:12,24.241638,34.030098,-0.0010681152,35.0,-118.75661,0.25842285,24.0,-0.0033874512,0.098098755,1173,0.0
1004.8387,-0.00024414062,-51.953125,1682811868000,1682811865342,26.14441,9.568893,00:58:58:13,24.243164,34.030098,0.002609253,35.0,-118.75661,0.27038574,24.0,-0.00093078613,0.095718384,1174,0.0
1004.8387,-0.0014648438,-51.231384,1682811868000,1682811865385,24.809265,9.559326,00:58:58:14,23.524475,34.030098,-0.0010681152,35.0,-118.75661,0.2536316,24.0,-0.002166748,0.098098755,1175,0.0
1004.84796,-0.0026855469,-51.234436,1682811868000,1682811865421,25.515747,9.59761,00:58:58:15,25.6073,34.030098,-0.0010681152,35.0,-118.75661,0.3134613,24.0,0.0015106201,0.14356995,1176,0.0
1004.84796,0.0009765625,-51.242065,1682811868000,1682811865456,26.815796,9.537796,00:58:58:16,24.94812,34.030098,0.013595581,35.0,-118.75661,0.25602722,24.0,-0.00093078613,0.090927124,1177,0.0
1004.84796,0.0009765625,-51.95465,1682811868000,1682811865502,26.850891,9.595215,00:58:58:17,26.324463,34.030098,-0.0010681152,38.0,-118.75661,0.26081848,24.0,-0.002166748,0.086135864,1178,0.0
1004.84796,-0.00024414062,-52.66571,1682811868000,1682811865538,25.505066,9.044876,00:58:58:18,24.916077,34.030098,-0.008392334,38.0,-118.75661,0.27757263,24.0,-0.033935547,0.100494385,1179,0.0
1004.84796,-0.0026855469,-51.953125,1682811868000,1682811865581,26.159668,9.647858,00:58:58:19,24.932861,34.030098,0.005050659,38.0,-118.75661,0.27278137,24.0,-0.018051147,0.119644165,1180,0.0
1004.8487,-0.00024414062,-51.960754,1682811868000,1682811865616,27.430725,9.566513,00:58:58:20,22.895813,34.030098,-0.0010681152,38.0,-118.75661,0.2536316,24.0,-0.0058288574,0.08375549,1181,0.0
1004.8487,-0.0026855469,-51.950073,1682811868000,1682811865656,25.486755,9.604797,00:58:58:21,24.227905,34.030098,0.001373291,38.0,-118.75661,0.29910278,24.0,-0.0033874512,0.13160706,1182,0.0
1004.8487,-0.0014648438,-51.95465,1682811868000,1682811865700,26.835632,9.509079,00:58:58:22,25.637817,34.030098,0.001373291,38.0,-118.75661,0.28474426,24.0,-0.00093078613,0.119644165,1183,0.0
1004.8487,0.0009765625,-51.234436,1682811868000,1682811865735,25.515747,9.595215,00:58:58:23,25.6073,34.030098,0.005050659,38.0,-118.75661,0.25842285,24.0,-0.00093078613,0.107681274,1184,0.0
1004.8487,-0.00024414062,-51.22986,1682811868000,1682811865778,24.887085,9.595215,00:58:59:00,26.968384,34.030098,0.001373291,38.0,-118.75661,0.25842285,24.0,-0.00093078613,0.110076904,1185,0.0
1004.8521,-0.003921509,-53.372192,1682811868000,1682811865821,24.15924,9.585648,00:58:59:01,23.506165,34.030098,-0.0010681152,38.0,-118.75661,0.2679901,24.0,-0.00093078613,0.122039795,1186,0.0
1004.8521,0.0021972656,-51.235962,1682811868000,1682811865858,25.498962,9.568893,00:58:59:02,24.917603,34.030098,0.00015258789,38.0,-118.75661,0.25125122,24.0,-0.00093078613,0.105285645,1187,0.0
1004.8521,0.0009765625,-51.945496,1682811868000,1682811865884,24.842834,9.559326,00:58:59:03,24.902344,34.030098,0.00015258789,38.0,-118.75661,0.24645996,24.0,-0.002166748,0.090927124,1188,0.0
1004.8521,-0.00024414062,-51.953125,1682811868000,1682811865938,26.159668,9.571289,00:58:59:04,24.932861,34.030098,0.001373291,38.0,-118.75661,0.24885559,24.0,-0.002166748,0.090927124,1189,0.0
1004.8521,-0.00024414062,-51.945496,1682811868000,1682811865971,24.827576,9.537796,00:58:59:05,24.212646,34.030098,-0.0047302246,38.0,-118.75661,0.2536316,24.0,-0.0033874512,0.090927124,1190,0.0
1004.8487,-0.0014648438,-52.661133,1682811868000,1682811866053,24.845886,9.559326,00:58:59:06,24.900818,34.030098,0.001373291,38.0,-118.75661,0.25842285,24.0,0.0002746582,0.100494385,1191,0.0
1004.8487,-0.00024414062,-51.950073,1682811868000,1682811866091,25.456238,9.544968,00:58:59:07,22.850037,34.030098,0.00015258789,38.0,-118.75661,0.27278137,24.0,0.0015106201,0.102890015,1192,0.0
1004.8487,-0.00024414062,-50.52948,1682811868000,1682811866139,27.485657,9.554535,00:58:59:08,25.653076,34.030098,0.001373291,38.0,-118.75661,0.26081848,24.0,0.0002746582,0.093322754,1193,0.0
1004.8487,-0.0026855469,-50.523376,1682811868000,1682811866181,26.121521,9.547363,00:58:59:09,23.554993,34.030098,-0.0022888184,38.0,-118.75661,0.26081848,24.0,0.0002746582,0.114852905,1194,0.0
1004.84534,-0.0014648438,-50.523376,1682811869000,1682811866225,26.152039,9.544968,00:58:59:10,24.932861,34.030098,-0.0010681152,38.0,-118.75661,0.2679901,24.0,-0.0033874512,0.090927124,1195,0.0
1004.84534,-0.0026855469,-51.953125,1682811869000,1682811866258,26.159668,9.566513,00:58:59:11,24.932861,34.030098,0.001373291,38.0,-118.75661,0.25602722,24.0,0.0015106201,0.098098755,1196,0.0
1004.84534,0.0021972656,-51.235962,1682811869000,1682811866292,25.483704,9.568893,00:58:59:12,24.227905,34.030098,0.00015258789,38.0,-118.75661,0.25602722,24.0,-0.002166748,0.114852905,1197,0.0
1004.84534,0.0009765625,-51.237488,1682811869000,1682811866345,26.1734,9.554535,00:58:59:13,25.622559,34.030098,0.002609253,35.0,-118.75661,0.2536316,24.0,0.0015106201,0.100494385,1198,0.0
1004.84534,0.0009765625,-51.950073,1682811869000,1682811866379,25.471497,9.571289,00:58:59:14,23.539734,34.030098,0.00015258789,35.0,-118.75661,0.26560974,24.0,-0.00093078613,0.086135864,1199,0.0
1004.8395,0.0009765625,-51.953125,1682811869000,1682811866413,26.159668,9.578476,00:58:59:15,24.932861,34.030098,0.001373291,35.0,-118.75661,0.2632141,24.0,0.0002746582,0.102890015,1200,0.0
1004.8395,-0.00024414062,-51.950073,1682811869000,1682811866448,25.471497,9.561722,00:58:59:16,23.539734,34.030098,0.001373291,35.0,-118.75661,0.24406433,24.0,-0.00093078613,0.098098755,1201,0.0
1004.8395,-0.0026855469,-51.235962,1682811869000,1682811866502,25.483704,9.552155,00:58:59:17,24.227905,34.030098,-0.0022888184,35.0,-118.75661,0.26560974,24.0,0.0002746582,0.100494385,1202,0.0
1004.8395,-0.005126953,-51.239014,1682811869000,1682811866546,26.126099,9.559326,00:58:59:18,23.554993,34.030098,0.001373291,35.0,-118.75661,0.25842285,24.0,0.0002746582,0.098098755,1203,0.0
1004.8395,-0.003921509,-51.945496,1682811869000,1682811866574,24.827576,9.544968,00:58:59:19,24.212646,34.030098,-0.0022888184,35.0,-118.75661,0.26081848,24.0,-0.00093078613,0.093322754,1204,0.0
1004.83856,-0.00024414062,-50.520325,1682811869000,1682811866610,25.479126,9.554535,00:58:59:20,24.227905,34.030098,-0.0035095215,35.0,-118.75661,0.25602722,24.0,0.0002746582,0.102890015,1205,0.0
1004.83856,-0.0026855469,-51.953125,1682811869000,1682811866665,26.12915,9.554535,00:58:59:21,23.554993,34.030098,-0.0047302246,35.0,-118.75661,0.2632141,24.0,0.0051574707,0.093322754,1206,0.0
1004.83856,-0.00024414062,-50.512695,1682811869000,1682811866700,24.160767,9.564117,00:58:59:22,24.195862,34.030098,-0.0010681152,35.0,-118.75661,0.26560974,24.0,0.0002746582,0.105285645,1207,0.0
1004.83856,-0.0026855469,-50.52185,1682811869000,1682811866726,26.168823,9.583252,00:58:59:23,25.622559,34.030098,-0.0022888184,35.0,-118.75661,0.2632141,24.0,0.0002746582,0.107681274,1208,0.0
1004.83856,-0.00024414062,-52.667236,1682811869000,1682811866779,26.179504,9.556931,00:59:00:00,25.621033,34.030098,-0.0022888184,35.0,-118.75661,0.25125122,24.0,0.0015106201,0.098098755,1209,0.0
1004.83514,-0.00024414062,-51.948547,1682811869000,1682811866807,25.534058,9.564117,00:59:00:01,26.293945,34.030098,0.002609253,35.0,-118.75661,0.24645996,24.0,0.0002746582,0.095718384,1210,0.0
1004.83514,-0.0014648438,-51.937866,1682811869000,1682811866860,23.573303,9.544968,00:59:00:02,26.93634,34.030098,0.0038146973,35.0,-118.75661,0.27278137,24.0,-0.00093078613,0.090927124,1211,0.0
1004.83514,-0.00024414062,-51.950073,1682811869000,1682811866902,25.471497,9.540192,00:59:00:03,23.539734,34.030098,0.00015258789,35.0,-118.75661,0.27278137,24.0,0.0002746582,0.095718384,1212,0.0
1004.83514,-0.0014648438,-52.668762,1682811869000,1682811866938,26.132202,9.559326,00:59:00:04,23.553467,34.030098,0.001373291,35.0,-118.75661,0.25125122,24.0,-0.00093078613,0.095718384,1213,0.0
1004.83514,-0.0014648438,-52.668762,1682811869000,1682811866982,26.116943,9.568893,00:59:00:05,22.86377,34.030098,0.00015258789,35.0,-118.75661,0.2632141,24.0,-0.00093078613,0.105285645,1214,0.0
1004.83514,-0.0014648438,-52.668762,1682811869000,1682811867059,26.132202,9.559326,00:59:00:06,23.553467,34.030098,0.001373291,35.0,-118.75661,0.2536316,24.0,0.0015106201,0.098098755,1215,0.0
1004.83514,-0.00024414062,-54.09546,1682811869000,1682811867107,26.185608,9.549759,00:59:00:08,25.621033,34.030098,-0.0010681152,35.0,-118.75661,0.2632141,24.0,0.0015106201,0.105285645,1217,0.0
1004.83514,0.0034179688,-51.235962,1682811869000,1682811867132,25.498962,9.571289,00:59:00:08,24.917603,34.030098,-0.0022888184,35.0,-118.75661,0.2679901,24.0,0.0002746582,0.107681274,1217,0.0
1004.83514,0.0009765625,-51.953125,1682811869000,1682811867168,26.12915,9.561722,00:59:00:09,23.554993,34.030098,-0.0010681152,35.0,-118.75661,0.2536316,24.0,0.0002746582,0.095718384,1218,0.0
1004.83685,-0.00024414062,-52.668762,1682811870000,1682811867212,26.132202,9.559326,00:59:00:10,23.553467,34.030098,0.00015258789,35.0,-118.75661,0.25842285,24.0,0.0015106201,0.090927124,1219,0.0
1004.83685,0.0021972656,-51.945496,1682811870000,1682811867263,24.827576,9.568893,00:59:00:11,24.212646,34.030098,0.0038146973,35.0,-118.75661,0.26081848,24.0,-0.00093078613,0.098098755,1220,0.0
1004.83685,0.0009765625,-50.520325,1682811870000,1682811867297,25.479126,9.566513,00:59:00:12,24.227905,34.030098,0.00015258789,35.0,-118.75661,0.2416687,24.0,0.0015106201,0.098098755,1221,0.0
1004.83685,-0.00024414062,-50.515747,1682811870000,1682811867340,24.804688,9.544968,00:59:00:13,23.524475,34.030098,0.00015258789,35.0,-118.75661,0.2632141,24.0,0.0027160645,0.090927124,1222,0.0
1004.83685,-0.0014648438,-54.09546,1682811870000,1682811867376,26.185608,9.564117,00:59:00:14,25.621033,34.030098,-0.0010681152,35.0,-118.75661,0.25602722,24.0,-0.00093078613,0.098098755,1223,0.0
1004.83685,-0.003921509,-53.370667,1682811870000,1682811867410,24.221802,9.556931,00:59:00:15,26.260376,34.030098,0.002609253,35.0,-118.75661,0.26081848,24.0,-0.00093078613,0.098098755,1224,0.0
1004.83685,-0.0014648438,-49.79706,1682811870000,1682811867455,24.235535,9.564117,00:59:00:16,27.641296,34.030098,0.00015258789,35.0,-118.75661,0.27038574,24.0,0.0015106201,0.107681274,1225,0.0
1004.83685,-0.0014648438,-51.956177,1682811870000,1682811867554,26.803589,9.552155,00:59:00:17,24.258423,34.030098,0.00015258789,35.0,-118.75661,0.25842285,24.0,-0.00093078613,0.093322754,1226,0.0
1004.83685,-0.00024414062,-54.096985,1682811870000,1682811867580,26.168823,9.564117,00:59:00:18,24.931335,34.030098,0.00015258789,35.0,-118.75661,0.25125122,24.0,-0.00093078613,0.102890015,1227,0.0
1004.83344,-0.003921509,-52.66571,1682811870000,1682811867615,25.489807,9.559326,00:59:00:20,24.22638,34.030098,0.002609253,35.0,-118.75661,0.25842285,24.0,-0.00093078613,0.107681274,1228,0.0
1004.83344,-0.0014648438,-51.95465,1682811870000,1682811867662,26.835632,9.561722,00:59:00:21,25.637817,34.030098,0.0038146973,35.0,-118.75661,0.24885559,24.0,-0.0033874512,0.088531494,1229,0.0
1004.83344,0.0009765625,-51.945496,1682811870000,1682811867749,24.797058,9.554535,00:59:00:22,22.834778,34.030098,-0.0010681152,35.0,-118.75661,0.27038574,24.0,0.0027160645,0.112457275,1230,0.0
1004.83344,-0.0014648438,-52.66571,1682811870000,1682811867777,25.505066,9.561722,00:59:00:23,24.916077,34.030098,-0.0022888184,35.0,-118.75661,0.26560974,24.0,-0.002166748,0.098098755,1231,0.0
1004.8317,0.0009765625,-50.523376,1682811870000,1682811867814,26.13678,9.554535,00:59:01:01,24.243164,34.030098,0.00015258789,35.0,-118.75661,0.27038574,24.0,-0.002166748,0.100494385,1232,0.0
1004.8317,0.0009765625,-51.235962,1682811870000,1682811867847,25.468445,9.571289,00:59:01:02,23.539734,34.030098,0.001373291,35.0,-118.75661,0.27278137,24.0,-0.00093078613,0.100494385,1233,0.0
1004.8317,0.0034179688,-52.659607,1682811870000,1682811867901,24.86267,9.5354,00:59:01:03,25.590515,34.030098,0.00015258789,35.0,-118.75661,0.2632141,24.0,0.0015106201,0.102890015,1234,0.0
1004.8317,-0.00024414062,-52.661133,1682811870000,1682811867930,24.845886,9.554535,00:59:01:04,24.900818,34.030098,0.001373291,35.0,-118.75661,0.26081848,24.0,0.0002746582,0.105285645,1235,0.0
1004.8317,-0.003921509,-54.089355,1682811870000,1682811867975,24.836731,9.566513,00:59:01:05,24.21112,34.030098,0.00015258789,35.0,-118.75661,0.27278137,24.0,-0.002166748,0.12921143,1236,0.0
1004.82666,-0.0026855469,-54.09546,1682811870000,1682811868052,26.185608,9.549759,00:59:01:06,25.621033,34.030098,0.00015258789,35.0,-118.75661,0.24885559,24.0,0.0002746582,0.093322754,1237,0.0
1004.82666,-0.0014648438,-54.089355,1682811870000,1682811868099,24.836731,9.561722,00:59:01:07,24.21112,34.030098,0.002609253,35.0,-118.75661,0.25125122,24.0,-0.002166748,0.090927124,1238,0.0
1004.82666,-0.0014648438,-52.670288,1682811870000,1682811868142,26.853943,9.5282135,00:59:01:08,26.322937,34.030098,0.00015258789,35.0,-118.75661,0.25842285,24.0,-0.002166748,0.114852905,1239,0.0
1004.82666,-0.0026855469,-51.950073,1682811870000,1682811868184,25.502014,9.602402,00:59:01:09,24.917603,34.030098,0.002609253,35.0,-118.75661,0.25602722,24.0,-0.002166748,0.095718384,1240,0.0
1004.8325,0.0009765625,-51.953125,1682811871000,1682811868217,26.14441,9.556931,00:59:01:10,24.243164,34.030098,0.001373291,35.0,-118.75661,0.2679901,24.0,0.0002746582,0.095718384,1241,0.0
1004.8325,-0.0014648438,-51.246643,1682811871000,1682811868251,27.442932,9.540192,00:59:01:11,23.58551,34.030098,0.001373291,35.0,-118.75661,0.26560974,24.0,-0.00093078613,0.088531494,1242,0.0
1004.8325,0.0009765625,-51.235962,1682811871000,1682811868302,25.483704,9.530609,00:59:01:12,24.227905,34.030098,-0.0022888184,35.0,-118.75661,0.24645996,24.0,0.0002746582,0.107681274,1243,0.0
1004.8325,-0.0014648438,-52.671814,1682811871000,1682811868335,26.80664,9.559326,00:59:01:13,24.256897,34.030098,-0.0010681152,35.0,-118.75661,0.2679901,24.0,-0.00093078613,0.093322754,1244,0.0
1004.8325,0.0009765625,-51.239014,1682811871000,1682811868379,26.11084,9.547363,00:59:01:14,22.865295,34.030098,-0.0010681152,35.0,-118.75661,0.25125122,24.0,-0.00093078613,0.095718384,1245,0.0
1004.8376,-0.00024414062,-53.372192,1682811871000,1682811868416,24.15924,9.559326,00:59:01:15,23.506165,34.030098,0.001373291,35.0,-118.75661,0.27278137,24.0,0.0002746582,0.102890015,1246,0.0
1004.8376,-0.003921509,-54.092407,1682811871000,1682811868452,25.527954,9.554535,00:59:01:16,25.605774,34.030098,0.00015258789,35.0,-118.75661,0.25602722,24.0,-0.00093078613,0.105285645,1247,0.0
1004.8376,-0.0014648438,-52.661133,1682811871000,1682811868503,24.845886,9.554535,00:59:01:17,24.900818,34.030098,0.00015258789,35.0,-118.75661,0.27038574,24.0,-0.00093078613,0.110076904,1248,0.0
1004.8376,-0.00024414062,-50.51117,1682811871000,1682811868538,24.208069,9.561722,00:59:01:18,26.261902,34.030098,-0.0010681152,35.0,-118.75661,0.27038574,24.0,-0.00093078613,0.090927124,1249,0.0
1004.8376,0.0009765625,-51.235962,1682811871000,1682811868582,25.468445,9.552155,00:59:01:19,23.539734,34.030098,-0.0022888184,35.0,-118.75661,0.24885559,24.0,0.0015106201,0.098098755,1250,0.0
1004.8393,0.0009765625,-53.382874,1682811871000,1682811868617,26.135254,9.552155,00:59:01:20,23.553467,34.030098,0.00015258789,35.0,-118.75661,0.25842285,24.0,-0.00093078613,0.095718384,1251,0.0
1004.8393,-0.00024414062,-50.523376,1682811871000,1682811868652,26.106262,9.559326,00:59:01:21,22.865295,34.030098,-0.0035095215,35.0,-118.75661,0.24645996,24.0,0.0002746582,0.090927124,1252,0.0
1004.8393,-0.0026855469,-51.953125,1682811871000,1682811868703,26.159668,9.568893,00:59:01:22,24.932861,34.030098,0.00015258789,35.0,-118.75661,0.2536316,24.0,-0.00093078613,0.095718384,1253,0.0
1004.8393,-0.0014648438,-51.950073,1682811871000,1682811868738,25.471497,9.549759,00:59:01:23,23.539734,34.030098,0.001373291,35.0,-118.75661,0.2679901,24.0,-0.0046081543,0.107681274,1254,0.0
1004.8393,-0.0014648438,-52.668762,1682811871000,1682811868775,26.14746,9.549759,00:59:02:00,24.241638,34.030098,-0.0010681152,35.0,-118.75661,0.2536316,24.0,0.0002746582,0.098098755,1255,0.0
1004.83685,-0.00024414062,-52.661133,1682811871000,1682811868803,24.830627,9.556931,00:59:02:01,24.21112,34.030098,0.00015258789,35.0,-118.75661,0.2536316,24.0,-0.0033874512,0.098098755,1256,0.0
1004.83685,-0.00024414062,-51.950073,1682811871000,1682811868864,25.502014,9.564117,00:59:02:02,24.917603,34.030098,-0.0010681152,35.0,-118.75661,0.25602722,24.0,-0.002166748,0.090927124,1257,0.0
1004.83685,-0.0014648438,-51.235962,1682811871000,1682811868903,25.483704,9.554535,00:59:02:03,24.227905,34.030098,-0.0022888184,35.0,-118.75661,0.2632141,24.0,-0.0033874512,0.090927124,1258,0.0
1004.83685,-0.003921509,-52.670288,1682811871000,1682811868939,26.838684,9.540192,00:59:02:04,25.636292,34.030098,-0.0010681152,35.0,-118.75661,0.2632141,24.0,-0.002166748,0.100494385,1259,0.0
1004.83685,0.0009765625,-51.235962,1682811871000,1682811868982,25.483704,9.556931,00:59:02:05,24.227905,34.030098,0.0038146973,35.0,-118.75661,0.2632141,24.0,-0.00093078613,0.102890015,1260,0.0
1004.8317,0.0009765625,-51.956177,1682811871000,1682811869060,26.803589,9.556931,00:59:02:06,24.258423,34.030098,0.00015258789,35.0,-118.75661,0.26081848,24.0,0.0002746582,0.102890015,1261,0.0
1004.8317,-0.0026855469,-51.950073,1682811871000,1682811869103,25.486755,9.552155,00:59:02:08,24.227905,34.030098,-0.0035095215,35.0,-118.75661,0.2679901,24.0,0.0002746582,0.090927124,1263,0.0
1004.8317,-0.0026855469,-51.22986,1682811871000,1682811869148,24.856567,9.556931,00:59:02:08,25.592041,34.030098,0.001373291,35.0,-118.75661,0.25125122,24.0,0.0015106201,0.100494385,1263,0.0
1004.8317,-0.0026855469,-51.945496,1682811871000,1682811869182,24.842834,9.554535,00:59:02:10,24.902344,34.030098,-0.0022888184,35.0,-118.75661,0.24885559,24.0,0.0015106201,0.102890015,1264,0.0
1004.8283,0.0009765625,-54.084778,1682811872000,1682811869219,24.209595,9.549759,00:59:02:10,25.57373,34.030098,0.001373291,35.0,-118.75661,0.2679901,24.0,-0.002166748,0.093322754,1265,0.0
1004.8283,-0.00024414062,-51.953125,1682811872000,1682811869252,26.14441,9.547363,00:59:02:11,24.243164,34.030098,0.001373291,35.0,-118.75661,0.25125122,24.0,-0.00093078613,0.095718384,1266,0.0
1004.8283,-0.0014648438,-52.668762,1682811872000,1682811869295,26.14746,9.556931,00:59:02:12,24.241638,34.030098,0.00015258789,35.0,-118.75661,0.24885559,24.0,0.0027160645,0.105285645,1267,0.0
1004.8283,-0.0014648438,-53.378296,1682811872000,1682811869339,25.540161,9.549759,00:59:02:13,26.29242,34.030098,0.002609253,35.0,-118.75661,0.27278137,24.0,-0.00093078613,0.088531494,1268,0.0
1004.8283,0.0009765625,-51.956177,1682811872000,1682811869373,26.803589,9.556931,00:59:02:14,24.258423,34.030098,-0.0010681152,35.0,-118.75661,0.2679901,24.0,-0.00093078613,0.100494385,1269,0.0
1004.83,-0.00024414062,-53.3844,1682811872000,1682811869409,26.872253,9.544968,00:59:02:15,27.012634,34.030098,-0.0022888184,35.0,-118.75661,0.2536316,24.0,-0.002166748,0.100494385,1270,0.0
1004.83,-0.0014648438,-51.953125,1682811872000,1682811869456,26.159668,9.561722,00:59:02:16,24.932861,34.030098,0.001373291,35.0,-118.75661,0.26081848,24.0,-0.002166748,0.100494385,1271,0.0
1004.83,0.0009765625,-51.234436,1682811872000,1682811869490,25.515747,9.554535,00:59:02:17,25.6073,34.030098,0.00015258789,35.0,-118.75661,0.24645996,24.0,-0.00093078613,0.095718384,1272,0.0
1004.83,0.0021972656,-54.089355,1682811872000,1682811869525,24.85199,9.561722,00:59:02:18,24.900818,34.030098,-0.0022888184,35.0,-118.75661,0.27278137,24.0,-0.00093078613,0.102890015,1273,0.0
1004.83,-0.0014648438,-51.953125,1682811872000,1682811869578,26.159668,9.571289,00:59:02:19,24.932861,34.030098,0.00015258789,35.0,-118.75661,0.24885559,24.0,0.0002746582,0.100494385,1274,0.0
1004.8283,-0.00024414062,-51.950073,1682811872000,1682811869614,25.471497,9.542572,00:59:02:20,23.539734,34.030098,0.00015258789,35.0,-118.75661,0.2632141,24.0,-0.00093078613,0.093322754,1275,0.0
1004.8283,-0.0026855469,-52.671814,1682811872000,1682811869659,26.80664,9.554535,00:59:02:21,24.256897,34.030098,0.001373291,35.0,-118.75661,0.2416687,24.0,0.0002746582,0.095718384,1276,0.0
1004.8283,-0.0026855469,-50.52643,1682811872000,1682811869707,26.811218,9.537796,00:59:02:23,24.94812,34.030098,0.001373291,35.0,-118.75661,0.2679901,24.0,0.0002746582,0.095718384,1278,0.0
1004.8283,-0.0026855469,-52.66571,1682811872000,1682811869743,25.474548,9.549759,00:59:02:23,23.538208,34.030098,-0.0010681152,35.0,-118.75661,0.25842285,24.0,0.0002746582,0.102890015,1278,0.0
1004.8283,-0.0026855469,-51.235962,1682811872000,1682811869777,25.468445,9.549759,00:59:03:00,23.539734,34.030098,-0.0010681152,35.0,-118.75661,0.26081848,24.0,0.0015106201,0.098098755,1279,0.0
1004.83344,0.0009765625,-51.956177,1682811872000,1682811869828,26.78833,9.566513,00:59:03:01,23.570251,34.030098,0.00015258789,35.0,-118.75661,0.2416687,24.0,-0.002166748,0.098098755,1280,0.0
1004.83344,0.0009765625,-50.523376,1682811872000,1682811869863,26.121521,9.561722,00:59:03:02,23.554993,34.030098,-0.0010681152,35.0,-118.75661,0.25842285,24.0,0.0002746582,0.100494385,1281,0.0
1004.83344,-0.0014648438,-51.239014,1682811872000,1682811869891,26.11084,9.571289,00:59:03:03,22.865295,34.030098,0.001373291,35.0,-118.75661,0.26081848,24.0,-0.00093078613,0.098098755,1282,0.0
1004.83344,0.0009765625,-51.953125,1682811872000,1682811869926,26.113892,9.566513,00:59:03:04,22.865295,34.030098,0.001373291,35.0,-118.75661,0.2679901,24.0,-0.002166748,0.102890015,1283,0.0
1004.83344,-0.00024414062,-52.66571,1682811872000,1682811869981,25.489807,9.561722,00:59:03:05,24.22638,34.030098,0.001373291,35.0,-118.75661,0.27038574,24.0,0.0002746582,0.100494385,1284,0.0
1004.83514,-0.00024414062,-54.08783,1682811872000,1682811870061,24.868774,9.554535,00:59:03:06,25.590515,34.030098,-0.0010681152,35.0,-118.75661,0.26560974,24.0,0.0015106201,0.100494385,1285,0.0
1004.83514,-0.003921509,-54.08783,1682811872000,1682811870096,24.868774,9.566513,00:59:03:07,25.590515,34.030098,0.00015258789,35.0,-118.75661,0.26081848,24.0,-0.0033874512,0.095718384,1286,0.0
1004.83514,-0.0026855469,-52.668762,1682811872000,1682811870131,26.16272,9.583252,00:59:03:08,24.931335,34.030098,0.001373291,35.0,-118.75661,0.25602722,24.0,0.0002746582,0.102890015,1287,0.0
1004.83514,-0.0014648438,-54.096985,1682811872000,1682811870180,26.168823,9.566513,00:59:03:09,24.931335,34.030098,0.001373291,35.0,-118.75661,0.25842285,24.0,-0.00093078613,0.093322754,1288,0.0
1004.83685,0.0009765625,-52.66571,1682811873000,1682811870216,25.505066,9.552155,00:59:03:10,24.916077,34.030098,0.00015258789,35.0,-118.75661,0.25842285,24.0,-0.002166748,0.090927124,1289,0.0
1004.83685,-0.0026855469,-51.953125,1682811873000,1682811870250,26.12915,9.573685,00:59:03:11,23.554993,34.030098,0.00015258789,35.0,-118.75661,0.2536316,24.0,0.0015106201,0.095718384,1290,0.0
1004.83685,-0.00024414062,-52.66571,1682811873000,1682811870301,25.474548,9.559326,00:59:03:12,23.538208,34.030098,0.00015258789,35.0,-118.75661,0.2632141,24.0,0.0002746582,0.093322754,1291,0.0
1004.83685,0.0009765625,-53.381348,1682811873000,1682811870337,26.197815,9.564117,00:59:03:13,26.307678,34.030098,-0.0010681152,35.0,-118.75661,0.25125122,24.0,0.0015106201,0.112457275,1292,0.0
1004.83685,-0.0026855469,-51.235962,1682811873000,1682811870362,25.468445,9.547363,00:59:03:14,23.539734,34.030098,-0.0035095215,35.0,-118.75661,0.27757263,24.0,0.0015106201,0.088531494,1293,0.0
1004.83344,-0.0014648438,-51.950073,1682811873000,1682811870412,25.456238,9.549759,00:59:03:15,22.850037,34.030098,-0.0010681152,35.0,-118.75661,0.25842285,24.0,0.0027160645,0.098098755,1294,0.0
1004.83344,-0.0014648438,-51.950073,1682811873000,1682811870462,25.502014,9.549759,00:59:03:16,24.917603,34.030098,0.00015258789,35.0,-118.75661,0.26081848,24.0,0.0015106201,0.110076904,1295,0.0
1004.83344,0.0009765625,-51.950073,1682811873000,1682811870496,25.486755,9.554535,00:59:03:17,24.227905,34.030098,0.00015258789,35.0,-118.75661,0.24885559,24.0,-0.002166748,0.093322754,1296,0.0
1004.83344,-0.005126953,-54.096985,1682811873000,1682811870538,26.138306,9.549759,00:59:03:18,23.553467,34.030098,-0.0035095215,35.0,-118.75661,0.25125122,24.0,0.0002746582,0.093322754,1297,0.0
1004.83344,-0.0026855469,-50.52643,1682811873000,1682811870581,26.79596,9.573685,00:59:03:19,24.258423,34.030098,0.00015258789,35.0,-118.75661,0.25842285,24.0,-0.00093078613,0.102890015,1298,0.0
1004.8393,-0.0014648438,-54.093933,1682811873000,1682811870615,25.49591,9.564117,00:59:03:20,24.22638,34.030098,-0.0022888184,35.0,-118.75661,0.2536316,24.0,0.0015106201,0.107681274,1299,0.0
1004.8393,0.004638672,-53.37982,1682811873000,1682811870668,25.508118,9.554535,00:59:03:21,24.916077,34.030098,-0.0010681152,35.0,-118.75661,0.26081848,24.0,-0.002166748,0.100494385,1300,0.0
1004.8393,-0.00024414062,-54.092407,1682811873000,1682811870694,25.543213,9.547363,00:59:03:22,26.29242,34.030098,0.005050659,35.0,-118.75661,0.25842285,24.0,-0.002166748,0.090927124,1301,0.0
1004.8393,-0.00024414062,-54.814148,1682811873000,1682811870732,26.849365,9.564117,00:59:03:23,25.636292,34.030098,0.001373291,35.0,-118.75661,0.25125122,24.0,0.0015106201,0.090927124,1302,0.0
1004.8393,-0.003921509,-54.093933,1682811873000,1682811870783,25.51117,9.547363,00:59:04:00,24.916077,34.030098,0.002609253,37.0,-118.75661,0.25602722,24.0,-0.00093078613,0.098098755,1303,0.0
1004.8376,-0.00024414062,-54.812622,1682811873000,1682811870818,26.1734,9.561722,00:59:04:01,24.931335,34.030098,-0.0010681152,37.0,-118.75661,0.25842285,24.0,0.0002746582,0.110076904,1304,0.0
1004.8376,-0.00024414062,-52.66571,1682811873000,1682811870852,25.489807,9.554535,00:59:04:02,24.22638,34.030098,-0.0010681152,37.0,-118.75661,0.27038574,24.0,0.0015106201,0.107681274,1305,0.0
1004.8376,-0.00024414062,-54.814148,1682811873000,1682811870904,26.849365,9.564117,00:59:04:03,25.636292,34.030098,0.001373291,37.0,-118.75661,0.25602722,24.0,0.0002746582,0.086135864,1306,0.0
1004.8376,-0.00024414062,-51.953125,1682811873000,1682811870939,26.159668,9.561722,00:59:04:04,24.932861,34.030098,0.00015258789,37.0,-118.75661,0.26560974,24.0,-0.00093078613,0.098098755,1307,0.0
1004.8376,0.0009765625,-53.37372,1682811873000,1682811870982,24.865723,9.573685,00:59:04:05,25.590515,34.030098,0.001373291,35.0,-118.75661,0.26081848,24.0,0.0027160645,0.107681274,1308,0.0
1004.8393,-0.0026855469,-54.808044,1682811873000,1682811871070,25.532532,9.549759,00:59:04:06,25.605774,34.030098,-0.0022888184,35.0,-118.75661,0.26081848,24.0,0.0002746582,0.100494385,1309,0.0
1004.8393,-0.0026855469,-54.104614,1682811873000,1682811871096,27.45514,9.559326,00:59:04:07,23.583984,34.030098,0.002609253,35.0,-118.75661,0.26081848,24.0,0.0002746582,0.090927124,1310,0.0
1004.8393,-0.0014648438,-54.096985,1682811873000,1682811871140,26.168823,9.57608,00:59:04:08,24.931335,34.030098,-0.0010681152,35.0,-118.75661,0.25842285,24.0,-0.00093078613,0.102890015,1311,0.0
1004.8393,-0.0014648438,-54.804993,1682811873000,1682811871174,24.841309,9.57608,00:59:04:09,24.21112,34.030098,0.00015258789,35.0,-118.75661,0.25842285,24.0,0.0002746582,0.095718384,1312,0.0
1004.8393,-0.00024414062,-53.382874,1682811874000,1682811871216,26.150513,9.556931,00:59:04:10,24.241638,34.030098,-0.0022888184,35.0,-118.75661,0.25125122,24.0,-0.00093078613,0.095718384,1313,0.0
1004.8393,0.0021972656,-55.525208,1682811874000,1682811871249,25.50354,9.549759,00:59:04:11,24.22638,34.030098,-0.0010681152,35.0,-118.75661,0.2679901,24.0,-0.00093078613,0.093322754,1314,0.0
1004.8393,-0.00024414062,-53.37982,1682811874000,1682811871302,25.508118,9.564117,00:59:04:12,24.916077,34.030098,0.002609253,35.0,-118.75661,0.25602722,24.0,-0.002166748,0.093322754,1315,0.0
1004.8393,-0.0014648438,-53.381348,1682811874000,1682811871335,26.213074,9.559326,00:59:04:13,26.997375,34.030098,-0.0022888184,35.0,-118.75661,0.24645996,24.0,-0.00093078613,0.093322754,1316,0.0
1004.8393,-0.0014648438,-51.950073,1682811874000,1682811871385,25.502014,9.566513,00:59:04:14,24.917603,34.030098,-0.0022888184,35.0,-118.75661,0.25602722,24.0,-0.00093078613,0.105285645,1317,0.0
1004.8465,-0.00024414062,-51.945496,1682811874000,1682811871419,24.842834,9.566513,00:59:04:15,24.902344,34.030098,-0.0010681152,35.0,-118.75661,0.24885559,24.0,-0.00093078613,0.095718384,1318,0.0
1004.8465,-0.0026855469,-52.66571,1682811874000,1682811871461,25.474548,9.542572,00:59:04:16,23.538208,34.030098,0.00015258789,35.0,-118.75661,0.2536316,24.0,-0.002166748,0.107681274,1319,0.0
1004.8465,0.0009765625,-52.668762,1682811874000,1682811871505,26.14746,9.580856,00:59:04:17,24.241638,34.030098,0.00015258789,35.0,-118.75661,0.24885559,24.0,0.0015106201,0.110076904,1320,0.0
1004.8465,-0.00024414062,-52.668762,1682811874000,1682811871539,26.14746,9.542572,00:59:04:18,24.241638,34.030098,-0.0022888184,35.0,-118.75661,0.25842285,24.0,-0.00093078613,0.100494385,1321,0.0
1004.8465,0.0009765625,-53.37982,1682811874000,1682811871582,25.462341,9.552155,00:59:04:19,22.84851,34.030098,0.002609253,35.0,-118.75661,0.25602722,24.0,-0.002166748,0.102890015,1322,0.0
1004.8371,-0.0014648438,-52.668762,1682811874000,1682811871620,26.16272,9.566513,00:59:04:20,24.931335,34.030098,-0.0010681152,35.0,-118.75661,0.2632141,24.0,0.0002746582,0.095718384,1323,0.0
1004.8371,-0.0014648438,-53.382874,1682811874000,1682811871654,26.135254,9.561722,00:59:04:21,23.553467,34.030098,0.0038146973,35.0,-118.75661,0.27038574,24.0,0.0002746582,0.098098755,1324,0.0
1004.8371,-0.0014648438,-52.670288,1682811874000,1682811871697,26.853943,9.566513,00:59:04:22,26.322937,34.030098,0.001373291,35.0,-118.75661,0.25842285,24.0,0.0002746582,0.102890015,1325,0.0
1004.8371,-0.0014648438,-51.945496,1682811874000,1682811871743,24.812317,9.561722,00:59:04:23,23.524475,34.030098,-0.0010681152,35.0,-118.75661,0.26081848,24.0,0.0002746582,0.102890015,1326,0.0
1004.8371,-0.00024414062,-50.520325,1682811874000,1682811871777,25.494385,9.568893,00:59:05:00,24.917603,34.030098,0.001373291,35.0,-118.75661,0.25602722,24.0,-0.00093078613,0.100494385,1327,0.0
1004.8371,-0.0026855469,-52.66571,1682811874000,1682811871819,25.474548,9.559326,00:59:05:01,23.538208,34.030098,-0.0010681152,35.0,-118.75661,0.24645996,24.0,-0.002166748,0.100494385,1328,0.0
1004.8371,-0.0026855469,-49.80316,1682811874000,1682811871863,24.771118,9.556931,00:59:05:02,22.14508,34.030098,-0.0022888184,35.0,-118.75661,0.2632141,24.0,0.0002746582,0.098098755,1329,0.0
1004.8371,-0.0014648438,-53.37982,1682811874000,1682811871892,25.492859,9.554535,00:59:05:03,24.22638,34.030098,0.002609253,35.0,-118.75661,0.26560974,24.0,0.0002746582,0.093322754,1330,0.0
1004.8371,-0.005126953,-51.24054,1682811874000,1682811871937,26.095581,9.552155,00:59:05:04,22.175598,34.030098,-0.0022888184,35.0,-118.75661,0.2632141,24.0,-0.00093078613,0.100494385,1331,0.0
1004.8371,-0.003921509,-51.235962,1682811874000,1682811871973,25.483704,9.568893,00:59:05:05,24.227905,34.030098,0.00015258789,35.0,-118.75661,0.2679901,24.0,0.0015106201,0.105285645,1332,0.0
1004.8378,-0.0014648438,-53.378296,1682811874000,1682811872053,25.540161,9.554535,00:59:05:06,26.29242,34.030098,0.002609253,35.0,-118.75661,0.26081848,24.0,0.0002746582,0.095718384,1333,0.0
1004.8378,0.0009765625,-53.375244,1682811874000,1682811872110,24.848938,9.564117,00:59:05:08,24.900818,34.030098,0.001373291,35.0,-118.75661,0.25602722,24.0,0.0015106201,0.100494385,1335,0.0
1004.8378,0.0009765625,-54.096985,1682811874000,1682811872144,26.153564,9.568893,00:59:05:08,24.241638,34.030098,0.001373291,35.0,-118.75661,0.2536316,24.0,0.0015106201,0.105285645,1335,0.0
1004.8378,0.0009765625,-53.378296,1682811874000,1682811872173,25.524902,9.561722,00:59:05:09,25.605774,34.030098,0.00015258789,35.0,-118.75661,0.26081848,24.0,-0.00093078613,0.095718384,1336,0.0
1004.83105,-0.00024414062,-55.52826,1682811875000,1682811872224,26.176453,9.573685,00:59:05:10,24.931335,34.030098,-0.0010681152,33.0,-118.75661,0.25602722,24.0,0.0015106201,0.095718384,1337,0.0
1004.83105,-0.00024414062,-52.671814,1682811875000,1682811872257,26.791382,9.571289,00:59:05:11,23.568726,34.030098,0.001373291,33.0,-118.75661,0.2632141,24.0,-0.00093078613,0.095718384,1338,0.0
1004.83105,-0.00024414062,-54.804993,1682811875000,1682811872311,24.810791,9.559326,00:59:05:12,22.833252,34.030098,0.001373291,33.0,-118.75661,0.24645996,24.0,0.0002746582,0.112457275,1339,0.0
1004.83105,-0.005126953,-52.66571,1682811875000,1682811872337,25.505066,9.588043,00:59:05:13,24.916077,34.030098,0.00015258789,33.0,-118.75661,0.24885559,24.0,-0.002166748,0.107681274,1340,0.0
1004.83105,-0.0014648438,-54.089355,1682811875000,1682811872380,24.836731,9.537796,00:59:05:14,24.21112,34.030098,0.0038146973,33.0,-118.75661,0.27278137,24.0,0.0002746582,0.098098755,1341,0.0
1004.82306,0.0021972656,-51.953125,1682811875000,1682811872414,26.159668,9.564117,00:59:05:15,24.932861,34.030098,-0.0022888184,33.0,-118.75661,0.2416687,24.0,-0.002166748,0.100494385,1342,0.0
1004.82306,-0.0014648438,-52.667236,1682811875000,1682811872460,26.194763,9.566513,00:59:05:16,26.307678,34.030098,-0.0022888184,33.0,-118.75661,0.25125122,24.0,0.0002746582,0.114852905,1343,0.0
1004.82306,-0.0026855469,-52.668762,1682811875000,1682811872497,26.14746,9.542572,00:59:05:17,24.241638,34.030098,0.002609253,33.0,-118.75661,0.2632141,24.0,0.0015106201,0.098098755,1344,0.0
1004.82306,-0.0014648438,-52.66571,1682811875000,1682811872541,25.474548,9.552155,00:59:05:18,23.538208,34.030098,0.002609253,33.0,-118.75661,0.2632141,24.0,0.0002746582,0.102890015,1345,0.0
1004.82306,-0.005126953,-51.231384,1682811875000,1682811872577,24.794006,9.561722,00:59:05:19,22.834778,34.030098,-0.0035095215,33.0,-118.75661,0.2536316,24.0,-0.002166748,0.095718384,1346,0.0
1004.8153,-0.00024414062,-53.382874,1682811875000,1682811872606,26.150513,9.554535,00:59:05:20,24.241638,34.030098,0.002609253,31.0,-118.75661,0.27038574,24.0,0.0015106201,0.102890015,1347,0.0
1004.8153,-0.003921509,-51.945496,1682811875000,1682811872659,24.827576,9.561722,00:59:05:21,24.212646,34.030098,0.00015258789,31.0,-118.75661,0.275177,24.0,0.0015106201,0.100494385,1348,0.0
1004.8153,0.0034179688,-51.242065,1682811875000,1682811872694,26.77002,9.552155,00:59:05:22,22.880554,34.030098,0.00015258789,31.0,-118.75661,0.26081848,24.0,-0.00093078613,0.095718384,1349,0.0
1004.8153,-0.00024414062,-52.671814,1682811875000,1682811872731,26.80664,9.552155,00:59:05:23,24.256897,34.030098,0.001373291,31.0,-118.75661,0.2632141,24.0,0.0002746582,0.095718384,1350,0.0
1004.8153,-0.0014648438,-51.242065,1682811875000,1682811872777,26.800537,9.573685,00:59:06:00,24.258423,34.030098,0.002609253,31.0,-118.75661,0.25602722,24.0,-0.00093078613,0.098098755,1351,0.0
1004.81775,-0.0026855469,-51.235962,1682811875000,1682811872821,25.498962,9.552155,00:59:06:01,24.917603,34.030098,-0.0022888184,31.0,-118.75661,0.26560974,24.0,-0.00093078613,0.093322754,1352,0.0
1004.81775,0.0009765625,-53.378296,1682811875000,1682811872859,25.524902,9.554535,00:59:06:02,25.605774,34.030098,0.00015258789,31.0,-118.75661,0.25602722,24.0,-0.002166748,0.107681274,1353,0.0
1004.81775,-0.00024414062,-52.670288,1682811875000,1682811872886,26.838684,9.554535,00:59:06:03,25.636292,34.030098,0.001373291,31.0,-118.75661,0.2536316,24.0,-0.002166748,0.110076904,1354,0.0
1004.81775,0.0009765625,-51.945496,1682811875000,1682811872979,24.827576,9.571289,00:59:06:04,24.212646,34.030098,0.001373291,31.0,-118.75661,0.25125122,24.0,0.0002746582,0.105285645,1355,0.0
1004.8216,-0.00024414062,-50.515747,1682811875000,1682811873040,24.835205,9.559326,00:24:03:05,24.902344,34.030098,0.00015258789,31.0,-118.75661,0.2632141,24.0,-0.00093078613,0.105285645,1356,0.0
1004.8216,-0.0026855469,-51.956177,1682811875000,1682811873094,26.803589,9.537796,00:59:06:07,24.258423,34.030098,0.001373291,31.0,-118.75661,0.2632141,24.0,-0.00093078613,0.088531494,1357,0.0
1004.8216,-0.00024414062,-52.661133,1682811875000,1682811873137,24.830627,9.544968,00:59:06:08,24.21112,34.030098,0.001373291,31.0,-118.75661,0.27278137,24.0,-0.00093078613,0.107681274,1358,0.0
1004.8216,-0.0014648438,-51.235962,1682811875000,1682811873162,25.498962,9.552155,00:59:06:09,24.917603,34.030098,-0.0010681152,31.0,-118.75661,0.25842285,24.0,0.0015106201,0.088531494,1359,0.0
1004.8333,-0.00024414062,-51.237488,1682811876000,1682811873213,26.1734,9.544968,00:59:06:10,25.622559,34.030098,0.001373291,33.0,-118.75661,0.27038574,24.0,-0.002166748,0.098098755,1360,0.0
1004.8333,-0.00024414062,-52.66571,1682811876000,1682811873257,25.505066,9.533005,00:59:06:11,24.916077,34.030098,-0.0010681152,33.0,-118.75661,0.26560974,24.0,0.0015106201,0.098098755,1361,0.0
1004.8333,-0.0026855469,-53.375244,1682811876000,1682811873299,24.803162,9.561722,00:59:06:12,22.833252,34.030098,0.002609253,33.0,-118.75661,0.25842285,24.0,-0.002166748,0.112457275,1362,0.0
1004.8333,-0.00024414062,-51.239014,1682811876000,1682811873334,26.156616,9.5354,00:59:06:13,24.932861,34.030098,0.00015258789,33.0,-118.75661,0.27038574,24.0,-0.00093078613,0.107681274,1363,0.0
1004.8333,-0.0026855469,-53.385925,1682811876000,1682811873379,26.809692,9.564117,00:59:06:14,24.256897,34.030098,0.00015258789,33.0,-118.75661,0.26081848,24.0,0.0002746582,0.093322754,1364,0.0
1004.843,-0.0014648438,-51.942444,1682811876000,1682811873423,24.153137,9.566513,00:59:06:15,23.50769,34.030098,-0.0022888184,33.0,-118.75661,0.279953,24.0,-0.00093078613,0.088531494,1365,0.0
1004.843,-0.0026855469,-51.945496,1682811876000,1682811873460,24.842834,9.537796,00:59:06:16,24.902344,34.030098,-0.0022888184,33.0,-118.75661,0.25602722,24.0,-0.00093078613,0.090927124,1366,0.0
1004.843,-0.00024414062,-51.950073,1682811876000,1682811873504,25.486755,9.566513,00:59:06:17,24.227905,34.030098,-0.0010681152,33.0,-118.75661,0.2536316,24.0,0.0015106201,0.093322754,1367,0.0
1004.843,-0.00024414062,-51.94397,1682811876000,1682811873547,24.85962,9.552155,00:59:06:18,25.592041,34.030098,-0.0010681152,33.0,-118.75661,0.26081848,24.0,-0.00093078613,0.100494385,1368,0.0
1004.843,-0.0026855469,-50.523376,1682811876000,1682811873582,26.13678,9.566513,00:59:06:19,24.243164,34.030098,-0.0035095215,33.0,-118.75661,0.2536316,24.0,0.0002746582,0.102890015,1369,0.0
1004.8421,-0.00024414062,-52.677917,1682811876000,1682811873617,27.418518,9.544968,00:59:06:20,22.20459,34.030098,-0.0010681152,33.0,-118.75661,0.24885559,24.0,-0.00093078613,0.093322754,1370,0.0
1004.8421,-0.00024414062,-51.945496,1682811876000,1682811873647,24.797058,9.554535,00:58:06:21,22.834778,34.030098,-0.0010681152,33.0,-118.75661,0.2632141,24.0,0.0002746582,0.098098755,1371,0.0
1004.8421,-0.005126953,-51.956177,1682811876000,1682811873700,26.803589,9.547363,00:59:06:22,24.258423,34.030098,-0.0010681152,33.0,-118.75661,0.24645996,24.0,0.0002746582,0.093322754,1372,0.0
1004.8421,0.0021972656,-52.671814,1682811876000,1682811873735,26.8219,9.544968,00:59:06:23,24.946594,34.030098,0.001373291,33.0,-118.75661,0.26560974,24.0,0.0015106201,0.095718384,1373,0.0
1004.8421,-0.0014648438,-50.515747,1682811876000,1682811873782,24.804688,9.561722,00:59:07:00,23.524475,34.030098,0.002609253,33.0,-118.75661,0.2632141,24.0,0.0002746582,0.100494385,1374,0.0
1004.84625,0.0009765625,-51.960754,1682811876000,1682811873816,27.476501,9.573685,00:59:07:01,24.963379,34.030098,-0.0010681152,33.0,-118.75661,0.25125122,24.0,-0.00093078613,0.110076904,1375,0.0
1004.84625,-0.00024414062,-53.37982,1682811876000,1682811873870,25.4776,9.549759,00:59:07:02,23.538208,34.030098,-0.0022888184,33.0,-118.75661,0.25602722,24.0,0.0002746582,0.093322754,1376,0.0
1004.84625,-0.00024414062,-51.239014,1682811876000,1682811873897,26.156616,9.566513,00:59:07:03,24.932861,34.030098,0.001373291,33.0,-118.75661,0.2632141,24.0,0.0002746582,0.110076904,1377,0.0
1004.84625,-0.0026855469,-52.667236,1682811876000,1682811873933,26.210022,9.564117,00:59:07:04,26.997375,34.030098,-0.0010681152,33.0,-118.75661,0.26560974,24.0,-0.00093078613,0.105285645,1378,0.0
1004.84625,-0.0026855469,-53.3844,1682811876000,1682811873980,26.841736,9.566513,00:59:07:05,25.636292,34.030098,-0.0035095215,33.0,-118.75661,0.26560974,24.0,0.0015106201,0.093322754,1379,0.0
1004.845,-0.0014648438,-52.661133,1682811876000,1682811874053,24.830627,9.889542,00:59:07:06,24.21112,34.030098,-0.048706055,30.0,-118.75661,0.110076904,24.0,-0.019256592,0.093322754,1380,0.0
